"",,,"1958-1962",,,,"1963-1967",,,,"1968-1972",,,,"1973-1977",,,,"1978-1982",,,,"1983-1987",,,,"1988-1992",,,,"1993-1997",,,,"1998-2002",,,,"2003-2007",,,,"2008-2012",,,,"2013-2017",,
"Total renewable water resources per capita (actual) (m3/inhab/yr)","Afghanistan",1962,6497.0,"K",,1967,5852.0,"K",,1972,5187.0,"K",,1977,4665.0,"K",,1982,4778.0,"K",,1987,5362.0,"K",,1992,4222.0,"K",,1997,3067.0,"K",,2002,2651.0,"K",,2007,2241.0,"K",,2012,1956.0,"K",,,,"",
"Total renewable water resources per capita (actual) (m3/inhab/yr)","Albania",1962,24343.0,"K",,1967,21103.0,"K",,1972,18599.0,"K",,1977,16627.0,"K",,1982,15011.0,"K",,1987,13383.0,"K",,1992,12764.0,"K",,1997,13486.0,"K",,2002,13495.0,"K",,2007,13155.0,"K",,2012,12922.0,"K",,,,"",
"Total renewable water resources per capita (actual) (m3/inhab/yr)","Algeria",1962,1041.0,"K",,1967,928.2,"K",,1972,799.3,"K",,1977,683.7,"K",,1982,580.7,"K",,1987,498.8,"K",,1992,439.4,"K",,1997,399.1,"K",,2002,371.2,"K",,2007,344.2,"K",,2012,319.8,"K",,,,"",
"Total renewable water resources per capita (actual) (m3/inhab/yr)","Andorra",1962,21040.0,"E",,1967,15029.0,"E",,1972,11689.0,"E",,1977,9564.0,"E",,1982,7698.0,"E",,1987,6312.0,"E",,1992,5441.0,"E",,1997,4855.0,"E",,2002,4574.0,"E",,2007,3896.0,"E",,2012,3586.0,"E",,,,"",
"Total renewable water resources per capita (actual) (m3/inhab/yr)","Angola",1962,28755.0,"K",,1967,26349.0,"K",,1972,23948.0,"K",,1977,21173.0,"K",,1982,18066.0,"K",,1987,15476.0,"K",,1992,13451.0,"K",,1997,11570.0,"K",,2002,9940.0,"K",,2007,8445.0,"K",,2012,7340.0,"K",,,,"",
"Total renewable water resources per capita (actual) (m3/inhab/yr)","Antigua and Barbuda",1962,928.6,"K",,1967,838.7,"K",,1972,776.1,"K",,1977,742.9,"K",,1982,753.6,"K",,1987,812.5,"K",,1992,812.5,"K",,1997,722.2,"K",,2002,642.0,"K",,2007,604.7,"K",,2012,571.4,"K",,,,"",
"Total renewable water resources per capita (actual) (m3/inhab/yr)","Argentina",1962,38221.0,"K",,1967,35476.0,"K",,1972,32833.0,"K",,1977,30261.0,"K",,1982,28068.0,"K",,1987,26031.0,"K",,1992,24270.0,"K",,1997,22792.0,"K",,2002,21616.0,"K",,2007,20677.0,"K",,2012,19796.0,"K",,,,"",
"Total renewable water resources per capita (actual) (m3/inhab/yr)","Armenia",,,"",,,,"",,,,"",,,,"",,,,"",,,,"",,1992,2252.0,"K",,1997,2478.0,"K",,2002,2538.0,"K",,2007,2527.0,"K",,2012,2499.0,"K",,,,"",
"Total renewable water resources per capita (actual) (m3/inhab/yr)","Australia",1962,45994.0,"K",,1967,41372.0,"K",,1972,37169.0,"K",,1977,34580.0,"K",,1982,32561.0,"K",,1987,30129.0,"K",,1992,28068.0,"K",,1997,26559.0,"K",,2002,25097.0,"K",,2007,23295.0,"K",,2012,21467.0,"K",,,,"",
"Total renewable water resources per capita (actual) (m3/inhab/yr)","Austria",1962,10907.0,"K",,1967,10564.0,"K",,1972,10324.0,"K",,1977,10256.0,"K",,1982,10301.0,"K",,1987,10244.0,"K",,1992,9990.0,"K",,1997,9747.0,"K",,2002,9613.0,"K",,2007,9350.0,"K",,2012,9218.0,"K",,,,"",
"Total renewable water resources per capita (actual) (m3/inhab/yr)","Azerbaijan",,,"",,,,"",,,,"",,,,"",,,,"",,,,"",,1992,4658.0,"K",,1997,4382.0,"K",,2002,4188.0,"K",,2007,3932.0,"K",,2012,3681.0,"K",,,,"",
"Total renewable water resources per capita (actual) (m3/inhab/yr)","Bahamas",1962,165.3,"K",,1967,130.7,"K",,1972,112.4,"K",,1977,101.5,"K",,1982,90.91,"K",,1987,82.3,"K",,1992,75.19,"K",,1997,69.69,"K",,2002,65.36,"K",,2007,60.79,"K",,2012,56.98,"K",,,,"",
"Total renewable water resources per capita (actual) (m3/inhab/yr)","Bahrain",1962,674.4,"K",,1967,594.9,"K",,1972,508.8,"K",,1977,384.1,"K",,1982,302.1,"K",,1987,260.1,"K",,1992,223.1,"K",,1997,195.6,"K",,2002,180.7,"K",,2007,125.3,"K",,2012,85.36,"K",,,,"",
"Total renewable water resources per capita (actual) (m3/inhab/yr)","Bangladesh",1962,23161.0,"K",,1967,19886.0,"K",,1972,17922.0,"K",,1977,16600.0,"K",,1982,14409.0,"K",,1987,12594.0,"K",,1992,11132.0,"K",,1997,10027.0,"K",,2002,9139.0,"K",,2007,8523.0,"K",,2012,8051.0,"K",,,,"",
"Total renewable water resources per capita (actual) (m3/inhab/yr)","Barbados",1962,344.8,"K",,1967,339.0,"K",,1972,332.0,"K",,1977,323.9,"K",,1982,318.7,"K",,1987,311.3,"K",,1992,306.5,"K",,1997,301.9,"K",,2002,297.4,"K",,2007,294.1,"K",,2012,290.9,"K",,,,"",
"Total renewable water resources per capita (actual) (m3/inhab/yr)","Belarus",,,"",,,,"",,,,"",,,,"",,,,"",,,,"",,1992,5632.0,"K",,1997,5684.0,"K",,2002,5822.0,"K",,2007,5962.0,"K",,2012,6088.0,"K",,,,"",
"Total renewable water resources per capita (actual) (m3/inhab/yr)","Belgium",1962,1972.0,"K",,1967,1919.0,"K",,1972,1887.0,"K",,1977,1865.0,"K",,1982,1864.0,"K",,1987,1858.0,"K",,1992,1831.0,"K",,1997,1807.0,"K",,2002,1785.0,"K",,2007,1736.0,"K",,2012,1696.0,"K",,,,"",
"Total renewable water resources per capita (actual) (m3/inhab/yr)","Belize",1962,189286.0,"K",,1967,164159.0,"K",,1972,146063.0,"K",,1977,135401.0,"K",,1982,122039.0,"K",,1987,106000.0,"K",,1992,91832.0,"K",,1997,79957.0,"K",,2002,70532.0,"K",,2007,63311.0,"K",,2012,57253.0,"K",,,,"",
"Total renewable water resources per capita (actual) (m3/inhab/yr)","Benin",1962,10620.0,"K",,1967,9799.0,"K",,1972,8880.0,"K",,1977,7896.0,"K",,1982,6925.0,"K",,1987,6038.0,"K",,1992,5166.0,"K",,1997,4407.0,"K",,2002,3804.0,"K",,2007,3253.0,"K",,2012,2822.0,"K",,,,"",
"Total renewable water resources per capita (actual) (m3/inhab/yr)","Bhutan",1962,399160.0,"K",,1967,346715.0,"K",,1972,292308.0,"K",,1977,242967.0,"K",,1982,209251.0,"K",,1987,181298.0,"K",,1992,173993.0,"K",,1997,153409.0,"K",,2002,133663.0,"K",,2007,113208.0,"K",,2012,104000.0,"K",,,,"",
"Total renewable water resources per capita (actual) (m3/inhab/yr)","Bolivia (Plurinational State of)",1962,177502.0,"K",,1967,158437.0,"K",,1972,140646.0,"K",,1977,124625.0,"K",,1982,111379.0,"K",,1987,100016.0,"K",,1992,89260.0,"K",,1997,79767.0,"K",,2002,71990.0,"K",,2007,65783.0,"K",,2012,60744.0,"K",,,,"",
"Total renewable water resources per capita (actual) (m3/inhab/yr)","Bosnia and Herzegovina",,,"",,,,"",,,,"",,,,"",,,,"",,,,"",,1992,9540.0,"K",,1997,11141.0,"K",,2002,9931.0,"K",,2007,9923.0,"K",,2012,10016.0,"K",,,,"",
"Total renewable water resources per capita (actual) (m3/inhab/yr)","Botswana",1962,22255.0,"K",,1967,19398.0,"K",,1972,16541.0,"K",,1977,13784.0,"K",,1982,11439.0,"K",,1987,9707.0,"K",,1992,8355.0,"K",,1997,7369.0,"K",,2002,6770.0,"K",,2007,6349.0,"K",,2012,5962.0,"K",,,,"",
"Total renewable water resources per capita (actual) (m3/inhab/yr)","Brazil",1962,106535.0,"K",,1967,92435.0,"K",,1972,81653.0,"K",,1977,72575.0,"K",,1982,64565.0,"K",,1987,58064.0,"K",,1992,53260.0,"K",,1997,49338.0,"K",,2002,45920.0,"K",,2007,43378.0,"K",,2012,41505.0,"K",,,,"",
"Total renewable water resources per capita (actual) (m3/inhab/yr)","Brunei Darussalam",1962,97701.0,"K",,1967,77982.0,"K",,1972,62044.0,"K",,1977,50000.0,"K",,1982,42289.0,"K",,1987,36638.0,"K",,1992,31835.0,"K",,1997,27869.0,"K",,2002,24854.0,"K",,2007,22487.0,"K",,2012,20581.0,"K",,,,"",
"Total renewable water resources per capita (actual) (m3/inhab/yr)","Bulgaria",1962,2660.0,"K",,1967,2559.0,"K",,1972,2479.0,"K",,1977,2425.0,"K",,1982,2389.0,"K",,1987,2382.0,"K",,1992,2462.0,"K",,1997,2598.0,"K",,2002,2699.0,"K",,2007,2788.0,"K",,2012,2879.0,"K",,,,"",
"Total renewable water resources per capita (actual) (m3/inhab/yr)","Burkina Faso",1962,2484.0,"K",,1967,2281.0,"K",,1972,2068.0,"K",,1977,1858.0,"K",,1982,1651.0,"K",,1987,1452.0,"K",,1992,1270.0,"K",,1997,1106.0,"K",,2002,960.4,"K",,2007,830.0,"K",,2012,715.0,"K",,,,"",
"Total renewable water resources per capita (actual) (m3/inhab/yr)","Burundi",1962,4118.0,"K",,1967,3753.0,"K",,1972,3506.0,"K",,1977,3284.0,"K",,1982,2853.0,"K",,1987,2427.0,"K",,1992,2149.0,"K",,1997,2029.0,"K",,2002,1884.0,"K",,2007,1627.0,"K",,2012,1433.0,"K",,,,"",
"Total renewable water resources per capita (actual) (m3/inhab/yr)","Cambodia",1962,83556.0,"K",,1967,73404.0,"K",,1972,66887.0,"K",,1977,70056.0,"K",,1982,69160.0,"K",,1987,55548.0,"K",,1992,46649.0,"K",,1997,40585.0,"K",,2002,37065.0,"K",,2007,34828.0,"K",,2012,32884.0,"K",,,,"",
"Total renewable water resources per capita (actual) (m3/inhab/yr)","Cameroon",1962,50549.0,"K",,1967,44996.0,"K",,1972,39598.0,"K",,1977,34311.0,"K",,1982,29579.0,"K",,1987,25585.0,"K",,1992,22161.0,"K",,1997,19512.0,"K",,2002,17400.0,"K",,2007,15559.0,"K",,2012,13948.0,"K",,,,"",
"Total renewable water resources per capita (actual) (m3/inhab/yr)","Canada",1962,155762.0,"K",,1967,141547.0,"K",,1972,129878.0,"K",,1977,122473.0,"K",,1982,116006.0,"K",,1987,109283.0,"K",,1992,102233.0,"K",,1997,97219.0,"K",,2002,92769.0,"K",,2007,88001.0,"K",,2012,83691.0,"K",,,,"",
"Total renewable water resources per capita (actual) (m3/inhab/yr)","Cape Verde",1962,1357.0,"K",,1967,1186.0,"K",,1972,1027.0,"K",,1977,974.0,"K",,1982,974.0,"K",,1987,892.9,"K",,1992,821.9,"K",,1997,726.4,"K",,2002,662.3,"K",,2007,621.1,"K",,2012,594.1,"K",,,,"",
"Total renewable water resources per capita (actual) (m3/inhab/yr)","Central African Republic",1962,92742.0,"K",,1967,84002.0,"K",,1972,75960.0,"K",,1977,68501.0,"K",,1982,59892.0,"K",,1987,52509.0,"K",,1992,46807.0,"K",,1997,41447.0,"K",,2002,37712.0,"K",,2007,34703.0,"K",,2012,31556.0,"K",,,,"",
"Total renewable water resources per capita (actual) (m3/inhab/yr)","Chad",1962,13947.0,"K",,1967,12544.0,"K",,1972,11213.0,"K",,1977,10033.0,"K",,1982,9024.0,"K",,1987,7861.0,"K",,1992,6731.0,"K",,1997,5773.0,"K",,2002,4869.0,"K",,2007,4146.0,"K",,2012,3635.0,"K",,,,"",
"Total renewable water resources per capita (actual) (m3/inhab/yr)","Chile",1962,114534.0,"K",,1967,102025.0,"K",,1972,92887.0,"K",,1977,86007.0,"K",,1982,79986.0,"K",,1987,73648.0,"K",,1992,67408.0,"K",,1997,62129.0,"K",,2002,58414.0,"K",,2007,55432.0,"K",,2012,52919.0,"K",,,,"",
"Total renewable water resources per capita (actual) (m3/inhab/yr)","China",1962,4113.0,"K",,1967,3712.0,"K",,1972,3237.0,"K",,1977,2939.0,"K",,1982,2745.0,"K",,1987,2541.0,"K",,1992,2362.0,"K",,1997,2243.0,"K",,2002,2159.0,"K",,2007,2101.0,"K",,2012,2051.0,"K",,,,"",
"Total renewable water resources per capita (actual) (m3/inhab/yr)","Colombia",1962,125523.0,"K",,1967,108427.0,"K",,1972,95255.0,"K",,1977,84974.0,"K",,1982,75861.0,"K",,1987,68178.0,"K",,1992,61802.0,"K",,1997,56439.0,"K",,2002,51901.0,"K",,2007,48070.0,"K",,2012,44836.0,"K",,,,"",
"Total renewable water resources per capita (actual) (m3/inhab/yr)","Comoros",1962,6000.0,"K",,1967,5405.0,"K",,1972,4819.0,"K",,1977,4110.0,"K",,1982,3409.0,"K",,1987,2948.0,"K",,1992,2609.0,"K",,1997,2308.0,"K",,2002,2024.0,"K",,2007,1767.0,"K",,2012,1552.0,"K",,,,"",
"Total renewable water resources per capita (actual) (m3/inhab/yr)","Congo",1962,779026.0,"K",,1967,679739.0,"K",,1972,586328.0,"K",,1977,504548.0,"K",,1982,436287.0,"K",,1987,378010.0,"K",,1992,330159.0,"K",,1997,287790.0,"K",,2002,252964.0,"K",,2007,222997.0,"K",,2012,196551.0,"K",,,,"",
"Total renewable water resources per capita (actual) (m3/inhab/yr)","Cook Islands",,,"",,,,"",,,,"",,,,"",,,,"",,,,"",,,,"",,,,"",,,,"",,,,"",,,,"",,,,"",
"Total renewable water resources per capita (actual) (m3/inhab/yr)","Costa Rica",1962,78546.0,"K",,1967,66905.0,"K",,1972,58879.0,"K",,1977,52085.0,"K",,1982,45359.0,"K",,1987,39564.0,"K",,1992,34853.0,"K",,1997,30811.0,"K",,2002,27529.0,"K",,2007,25241.0,"K",,2012,23446.0,"K",,,,"",
"Total renewable water resources per capita (actual) (m3/inhab/yr)","Côte d'Ivoire",1962,20662.0,"K",,1967,16943.0,"K",,1972,13729.0,"K",,1977,10937.0,"K",,1982,8742.0,"K",,1987,7184.0,"K",,1992,6063.0,"K",,1997,5238.0,"K",,2002,4723.0,"K",,2007,4351.0,"K",,2012,3940.0,"K",,,,"",
"Total renewable water resources per capita (actual) (m3/inhab/yr)","Croatia",,,"",,,,"",,,,"",,,,"",,,,"",,,,"",,1992,22995.0,"K",,1997,22811.0,"K",,2002,23623.0,"K",,2007,23836.0,"K",,2012,24048.0,"K",,,,"",
"Total renewable water resources per capita (actual) (m3/inhab/yr)","Cuba",1962,5122.0,"K",,1967,4619.0,"K",,1972,4230.0,"K",,1977,3965.0,"K",,1982,3848.0,"K",,1987,3716.0,"K",,1992,3554.0,"K",,1997,3468.0,"K",,2002,3411.0,"K",,2007,3383.0,"K",,2012,3389.0,"K",,,,"",
"Total renewable water resources per capita (actual) (m3/inhab/yr)","Cyprus",1962,1349.0,"K",,1967,1320.0,"K",,1972,1242.0,"K",,1977,1171.0,"K",,1982,1127.0,"K",,1987,1079.0,"K",,1992,973.8,"K",,1997,875.4,"K",,2002,795.9,"K",,2007,733.8,"K",,2012,690.9,"K",,,,"",
"Total renewable water resources per capita (actual) (m3/inhab/yr)","Czech Republic",,,"",,,,"",,,,"",,,,"",,,,"",,,,"",,,,"",,1997,1277.0,"K",,2002,1288.0,"K",,2007,1275.0,"K",,2012,1245.0,"K",,,,"",
"Total renewable water resources per capita (actual) (m3/inhab/yr)","Democratic People's Republic of Korea",1962,6722.0,"K",,1967,5913.0,"K",,1972,5131.0,"K",,1977,4655.0,"K",,1982,4334.0,"K",,1987,4001.0,"K",,1992,3708.0,"K",,1997,3463.0,"K",,2002,3316.0,"K",,2007,3213.0,"K",,2012,3142.0,"K",,,,"",
"Total renewable water resources per capita (actual) (m3/inhab/yr)","Democratic Republic of the Congo",1962,79291.0,"K",,1967,69056.0,"K",,1972,59867.0,"K",,1977,51859.0,"K",,1982,44937.0,"K",,1987,38965.0,"K",,1992,32527.0,"K",,1997,27669.0,"K",,2002,24442.0,"K",,2007,21112.0,"K",,2012,18441.0,"K",,,,"",
"Total renewable water resources per capita (actual) (m3/inhab/yr)","Denmark",1962,1291.0,"K",,1967,1242.0,"K",,1972,1203.0,"K",,1977,1178.0,"K",,1982,1171.0,"K",,1987,1173.0,"K",,1992,1160.0,"K",,1997,1137.0,"K",,2002,1117.0,"K",,2007,1097.0,"K",,2012,1073.0,"K",,,,"",
"Total renewable water resources per capita (actual) (m3/inhab/yr)","Djibouti",1962,3125.0,"K",,1967,2256.0,"K",,1972,1648.0,"K",,1977,1111.0,"K",,1982,824.2,"K",,1987,646.6,"K",,1992,505.1,"K",,1997,450.5,"K",,2002,392.2,"K",,2007,357.6,"K",,2012,325.0,"K",,,,"",
"Total renewable water resources per capita (actual) (m3/inhab/yr)","Dominica",,,"",,,,"",,,,"",,,,"",,,,"",,,,"",,,,"",,,,"",,,,"",,,,"",,,,"",,,,"",
"Total renewable water resources per capita (actual) (m3/inhab/yr)","Dominican Republic",1962,5939.0,"K",,1967,5075.0,"K",,1972,4408.0,"K",,1977,3887.0,"K",,1982,3462.0,"K",,1987,3104.0,"K",,1992,2805.0,"K",,1997,2564.0,"K",,2002,2370.0,"K",,2007,2203.0,"K",,2012,2062.0,"K",,,,"",
"Total renewable water resources per capita (actual) (m3/inhab/yr)","Ecuador",1962,90164.0,"K",,1967,77686.0,"K",,1972,67014.0,"K",,1977,58018.0,"K",,1982,50506.0,"K",,1987,44403.0,"K",,1992,39571.0,"K",,1997,36046.0,"K",,2002,33242.0,"K",,2007,30643.0,"K",,2012,28550.0,"K",,,,"",
"Total renewable water resources per capita (actual) (m3/inhab/yr)","Egypt",1962,1982.0,"K",,1967,1745.0,"K",,1972,1551.0,"K",,1977,1389.0,"K",,1982,1237.0,"K",,1987,1097.0,"K",,1992,988.1,"K",,1997,908.1,"K",,2002,830.8,"K",,2007,757.7,"K",,2012,694.4,"K",,,,"",
"Total renewable water resources per capita (actual) (m3/inhab/yr)","El Salvador",1962,8550.0,"K",,1967,7332.0,"K",,1972,6407.0,"K",,1977,5718.0,"K",,1982,5257.0,"K",,1987,4924.0,"K",,1992,4589.0,"K",,1997,4321.0,"K",,2002,4213.0,"K",,2007,4135.0,"K",,2012,4028.0,"K",,,,"",
"Total renewable water resources per capita (actual) (m3/inhab/yr)","Equatorial Guinea",1962,100775.0,"K",,1967,92199.0,"K",,1972,94545.0,"K",,1977,118182.0,"K",,1982,103586.0,"K",,1987,76246.0,"K",,1992,65000.0,"K",,1997,55085.0,"K",,2002,46931.0,"K",,2007,40373.0,"K",,2012,35135.0,"K",,,,"",
"Total renewable water resources per capita (actual) (m3/inhab/yr)","Eritrea",,,"",,,,"",,,,"",,,,"",,,,"",,,,"",,,,"",,1997,2193.0,"K",,2002,1841.0,"K",,2007,1524.0,"K",,2012,1311.0,"K",,,,"",
"Total renewable water resources per capita (actual) (m3/inhab/yr)","Estonia",,,"",,,,"",,,,"",,,,"",,,,"",,,,"",,1992,8384.0,"K",,1997,9130.0,"K",,2002,9440.0,"K",,2007,9538.0,"K",,2012,9560.0,"K",,,,"",
"Total renewable water resources per capita (actual) (m3/inhab/yr)","Ethiopia",,,"",,,,"",,,,"",,,,"",,,,"",,,,"",,,,"",,1997,2017.0,"K",,2002,1767.0,"K",,2007,1570.0,"K",,2012,1410.0,"K",,,,"",
"Total renewable water resources per capita (actual) (m3/inhab/yr)","Faroe Islands",,,"",,,,"",,,,"",,,,"",,,,"",,,,"",,,,"",,,,"",,,,"",,,,"",,,,"",,,,"",
"Total renewable water resources per capita (actual) (m3/inhab/yr)","Fiji",1962,67654.0,"K",,1967,58504.0,"K",,1972,52578.0,"K",,1977,47742.0,"K",,1982,42740.0,"K",,1987,39543.0,"K",,1992,38374.0,"K",,1997,36003.0,"K",,2002,34988.0,"K",,2007,34192.0,"K",,2012,32591.0,"K",,,,"",
"Total renewable water resources per capita (actual) (m3/inhab/yr)","Finland",1962,24477.0,"K",,1967,24002.0,"K",,1972,23686.0,"K",,1977,23212.0,"K",,1982,22793.0,"K",,1987,22281.0,"K",,1992,21847.0,"K",,1997,21405.0,"K",,2002,21166.0,"K",,2007,20794.0,"K",,2012,20359.0,"K",,,,"",
"Total renewable water resources per capita (actual) (m3/inhab/yr)","France",1962,4497.0,"K",,1967,4249.0,"K",,1972,4091.0,"K",,1977,3965.0,"K",,1982,3878.0,"K",,1987,3777.0,"K",,1992,3689.0,"K",,1997,3621.0,"K",,2002,3530.0,"K",,2007,3417.0,"K",,2012,3325.0,"K",,,,"",
"Total renewable water resources per capita (actual) (m3/inhab/yr)","Gabon",1962,334012.0,"K",,1967,321569.0,"K",,1972,297101.0,"K",,1977,261146.0,"K",,1982,226519.0,"K",,1987,194083.0,"K",,1992,165489.0,"K",,1997,142857.0,"K",,2002,127033.0,"K",,2007,115169.0,"K",,2012,104859.0,"K",,,,"",
"Total renewable water resources per capita (actual) (m3/inhab/yr)","Gambia",1962,20513.0,"K",,1967,18779.0,"K",,1972,16393.0,"K",,1977,13986.0,"K",,1982,11799.0,"K",,1987,9456.0,"K",,1992,7737.0,"K",,1997,6717.0,"K",,2002,5814.0,"K",,2007,5028.0,"K",,2012,4384.0,"K",,,,"",
"Total renewable water resources per capita (actual) (m3/inhab/yr)","Georgia",,,"",,,,"",,,,"",,,,"",,,,"",,,,"",,1992,11846.0,"K",,1997,12859.0,"K",,2002,13690.0,"K",,2007,14341.0,"K",,2012,14714.0,"K",,,,"",
"Total renewable water resources per capita (actual) (m3/inhab/yr)","Germany",1962,2079.0,"K",,1967,1999.0,"K",,1972,1961.0,"K",,1977,1959.0,"K",,1982,1976.0,"K",,1987,1975.0,"K",,1992,1918.0,"K",,1997,1871.0,"K",,2002,1868.0,"K",,2007,1866.0,"K",,2012,1878.0,"K",,,,"",
"Total renewable water resources per capita (actual) (m3/inhab/yr)","Ghana",1962,7409.0,"K",,1967,6528.0,"K",,1972,5803.0,"K",,1977,5170.0,"K",,1982,4576.0,"K",,1987,3901.0,"K",,1992,3398.0,"K",,1997,2980.0,"K",,2002,2645.0,"K",,2007,2342.0,"K",,2012,2083.0,"K",,,,"",
"Total renewable water resources per capita (actual) (m3/inhab/yr)","Greece",1962,8807.0,"K",,1967,8588.0,"K",,1972,8370.0,"K",,1977,8006.0,"K",,1982,7580.0,"K",,1987,7420.0,"K",,1992,7173.0,"K",,1997,6859.0,"K",,2002,6705.0,"K",,2007,6596.0,"K",,2012,6502.0,"K",,,,"",
"Total renewable water resources per capita (actual) (m3/inhab/yr)","Grenada",,,"",,,,"",,,,"",,,,"",,,,"",,,,"",,,,"",,,,"",,,,"",,,,"",,,,"",,,,"",
"Total renewable water resources per capita (actual) (m3/inhab/yr)","Guatemala",1962,25347.0,"K",,1967,22145.0,"K",,1972,19350.0,"K",,1977,17008.0,"K",,1982,15055.0,"K",,1987,13357.0,"K",,1992,11910.0,"K",,1997,10618.0,"K",,2002,9432.0,"K",,2007,8331.0,"K",,2012,7352.0,"K",,,,"",
"Total renewable water resources per capita (actual) (m3/inhab/yr)","Guinea",1962,61986.0,"K",,1967,57028.0,"K",,1972,53453.0,"K",,1977,52412.0,"K",,1982,49453.0,"K",,1987,43714.0,"K",,1992,34952.0,"K",,1997,28314.0,"K",,2002,26264.0,"K",,2007,24109.0,"K",,2012,21563.0,"K",,,,"",
"Total renewable water resources per capita (actual) (m3/inhab/yr)","Guinea-Bissau",1962,51926.0,"K",,1967,52101.0,"K",,1972,49285.0,"K",,1977,41278.0,"K",,1982,35469.0,"K",,1987,32359.0,"K",,1992,29273.0,"K",,1997,26473.0,"K",,2002,24031.0,"K",,2007,21770.0,"K",,2012,19620.0,"K",,,,"",
"Total renewable water resources per capita (actual) (m3/inhab/yr)","Guyana",1962,407095.0,"K",,1967,356509.0,"K",,1972,327446.0,"K",,1977,316273.0,"K",,1982,312176.0,"K",,1987,326116.0,"K",,1992,332873.0,"K",,1997,330137.0,"K",,2002,326558.0,"K",,2007,321333.0,"K",,2012,317942.0,"K",,,,"",
"Total renewable water resources per capita (actual) (m3/inhab/yr)","Haiti",1962,3487.0,"K",,1967,3155.0,"K",,1972,2876.0,"K",,1977,2627.0,"K",,1982,2355.0,"K",,1987,2098.0,"K",,1992,1890.0,"K",,1997,1714.0,"K",,2002,1570.0,"K",,2007,1460.0,"K",,2012,1368.0,"K",,,,"",
"Total renewable water resources per capita (actual) (m3/inhab/yr)","Holy See",,,"",,,,"",,,,"",,,,"",,,,"",,,,"",,,,"",,,,"",,,,"",,,,"",,,,"",,,,"",
"Total renewable water resources per capita (actual) (m3/inhab/yr)","Honduras",1962,44911.0,"K",,1967,38635.0,"K",,1972,33754.0,"K",,1977,29061.0,"K",,1982,24859.0,"K",,1987,21389.0,"K",,1992,18573.0,"K",,1997,16438.0,"K",,2002,14809.0,"K",,2007,13400.0,"K",,2012,12125.0,"K",,,,"",
"Total renewable water resources per capita (actual) (m3/inhab/yr)","Hungary",1962,10358.0,"K",,1967,10189.0,"K",,1972,10006.0,"K",,1977,9798.0,"K",,1982,9752.0,"K",,1987,9939.0,"K",,1992,10045.0,"K",,1997,10106.0,"K",,2002,10237.0,"K",,2007,10355.0,"K",,2012,10452.0,"K",,,,"",
"Total renewable water resources per capita (actual) (m3/inhab/yr)","Iceland",1962,928962.0,"K",,1967,862944.0,"K",,1972,809524.0,"K",,1977,765766.0,"K",,1982,729614.0,"K",,1987,688259.0,"K",,1992,653846.0,"K",,1997,622711.0,"K",,2002,592334.0,"K",,2007,555556.0,"K",,2012,518293.0,"K",,,,"",
"Total renewable water resources per capita (actual) (m3/inhab/yr)","India",1962,4098.0,"K",,1967,3688.0,"K",,1972,3296.0,"K",,1977,2930.0,"K",,1982,2607.0,"K",,1987,2331.0,"K",,1992,2100.0,"K",,1997,1910.0,"K",,2002,1755.0,"K",,2007,1628.0,"K",,2012,1519.0,"K",,,,"",
"Total renewable water resources per capita (actual) (m3/inhab/yr)","Indonesia",1962,20905.0,"K",,1967,18419.0,"K",,1972,16216.0,"K",,1977,14351.0,"K",,1982,12798.0,"K",,1987,11553.0,"K",,1992,10598.0,"K",,1997,9846.0,"K",,2002,9218.0,"K",,2007,8685.0,"K",,2012,8249.0,"K",,,,"",
"Total renewable water resources per capita (actual) (m3/inhab/yr)","Iran (Islamic Republic of)",1962,5914.0,"K",,1967,5180.0,"K",,1972,4537.0,"K",,1977,3931.0,"K",,1982,3299.0,"K",,1987,2737.0,"K",,1992,2401.0,"K",,1997,2211.0,"K",,2002,2038.0,"K",,2007,1918.0,"K",,2012,1812.0,"K",,,,"",
"Total renewable water resources per capita (actual) (m3/inhab/yr)","Iraq",1962,11561.0,"K",,1967,9924.0,"K",,1972,8398.0,"K",,1977,7149.0,"K",,1982,6215.0,"K",,1987,5559.0,"K",,1992,4879.0,"K",,1997,4143.0,"K",,2002,3561.0,"K",,2007,3103.0,"K",,2012,2666.0,"K",,,,"",
"Total renewable water resources per capita (actual) (m3/inhab/yr)","Ireland",1962,18342.0,"K",,1967,17931.0,"K",,1972,17111.0,"K",,1977,15834.0,"K",,1982,14934.0,"K",,1987,14702.0,"K",,1992,14652.0,"K",,1997,14169.0,"K",,2002,13211.0,"K",,2007,12118.0,"K",,2012,11356.0,"K",,,,"",
"Total renewable water resources per capita (actual) (m3/inhab/yr)","Israel",1962,786.2,"K",,1967,670.9,"K",,1972,586.7,"K",,1977,506.5,"K",,1982,458.2,"K",,1987,422.2,"K",,1992,370.2,"K",,1997,316.1,"K",,2002,285.2,"K",,2007,257.2,"K",,2012,231.3,"K",,,,"",
"Total renewable water resources per capita (actual) (m3/inhab/yr)","Italy",1962,3807.0,"K",,1967,3664.0,"K",,1972,3538.0,"K",,1977,3439.0,"K",,1982,3385.0,"K",,1987,3367.0,"K",,1992,3362.0,"K",,1997,3363.0,"K",,2002,3327.0,"K",,2007,3215.0,"K",,2012,3138.0,"K",,,,"",
"Total renewable water resources per capita (actual) (m3/inhab/yr)","Jamaica",1962,5601.0,"K",,1967,5213.0,"K",,1972,4885.0,"K",,1977,4567.0,"K",,1982,4275.0,"K",,1987,4034.0,"K",,1992,3922.0,"K",,1997,3748.0,"K",,2002,3581.0,"K",,2007,3471.0,"K",,2012,3406.0,"K",,,,"",
"Total renewable water resources per capita (actual) (m3/inhab/yr)","Japan",1962,4562.0,"K",,1967,4312.0,"K",,1972,4033.0,"K",,1977,3803.0,"K",,1982,3653.0,"K",,1987,3553.0,"K",,1992,3491.0,"K",,1997,3437.0,"K",,2002,3411.0,"K",,2007,3399.0,"K",,2012,3401.0,"K",,,,"",
"Total renewable water resources per capita (actual) (m3/inhab/yr)","Jordan",1962,965.0,"K",,1967,704.0,"K",,1972,513.4,"K",,1977,444.3,"K",,1982,377.8,"K",,1987,310.6,"K",,1992,246.2,"K",,1997,203.4,"K",,2002,187.5,"K",,2007,165.3,"K",,2012,145.1,"K",,,,"",
"Total renewable water resources per capita (actual) (m3/inhab/yr)","Kazakhstan",,,"",,,,"",,,,"",,,,"",,,,"",,,,"",,1992,6543.0,"K",,1997,6942.0,"K",,2002,7214.0,"K",,2007,6946.0,"K",,2012,6562.0,"K",,,,"",
"Total renewable water resources per capita (actual) (m3/inhab/yr)","Kenya",1962,3558.0,"K",,1967,3023.0,"K",,1972,2541.0,"K",,1977,2113.0,"K",,1982,1749.0,"K",,1987,1453.0,"K",,1992,1226.0,"K",,1997,1061.0,"K",,2002,932.3,"K",,2007,819.0,"K",,2012,718.1,"K",,,,"",
"Total renewable water resources per capita (actual) (m3/inhab/yr)","Kiribati",,,"",,,,"",,,,"",,,,"",,,,"",,,,"",,,,"",,,,"",,,,"",,,,"",,,,"",,,,"",
"Total renewable water resources per capita (actual) (m3/inhab/yr)","Kuwait",1962,59.35,"K",,1967,34.01,"K",,1972,22.99,"K",,1977,16.96,"K",,1982,13.21,"K",,1987,10.33,"K",,1992,10.4,"K",,1997,11.91,"K",,2002,9.662,"K",,2007,8.17,"K",,2012,6.916,"K",,,,"",
"Total renewable water resources per capita (actual) (m3/inhab/yr)","Kyrgyzstan",,,"",,,,"",,,,"",,,,"",,,,"",,,,"",,1992,5277.0,"K",,1997,4984.0,"K",,2002,4721.0,"K",,2007,4596.0,"K",,2012,4336.0,"K",,,,"",
"Total renewable water resources per capita (actual) (m3/inhab/yr)","Lao People's Democratic Republic",1962,149552.0,"K",,1967,133187.0,"K",,1972,117471.0,"K",,1977,106857.0,"K",,1982,98903.0,"K",,1987,86533.0,"K",,1992,75197.0,"K",,1997,66474.0,"K",,2002,60669.0,"K",,2007,56230.0,"K",,2012,52322.0,"K",,,,"",
"Total renewable water resources per capita (actual) (m3/inhab/yr)","Latvia",,,"",,,,"",,,,"",,,,"",,,,"",,,,"",,1992,13567.0,"K",,1997,14535.0,"K",,2002,15085.0,"K",,2007,15535.0,"K",,2012,15861.0,"K",,,,"",
"Total renewable water resources per capita (actual) (m3/inhab/yr)","Lebanon",1962,2220.0,"K",,1967,1952.0,"K",,1972,1733.0,"K",,1977,1611.0,"K",,1982,1592.0,"K",,1987,1561.0,"K",,1992,1438.0,"K",,1997,1252.0,"K",,2002,1164.0,"K",,2007,1089.0,"K",,2012,1049.0,"K",,,,"",
"Total renewable water resources per capita (actual) (m3/inhab/yr)","Lesotho",1962,3426.0,"K",,1967,3109.0,"K",,1972,2809.0,"K",,1977,2500.0,"K",,1982,2187.0,"K",,1987,1950.0,"K",,1992,1779.0,"K",,1997,1620.0,"K",,2002,1503.0,"K",,2007,1435.0,"K",,2012,1363.0,"K",,,,"",
"Total renewable water resources per capita (actual) (m3/inhab/yr)","Liberia",1962,198121.0,"K",,1967,174567.0,"K",,1972,152431.0,"K",,1977,132118.0,"K",,1982,112676.0,"K",,1987,104835.0,"K",,1992,112950.0,"K",,1997,98263.0,"K",,2002,77437.0,"K",,2007,66724.0,"K",,2012,54653.0,"K",,,,"",
"Total renewable water resources per capita (actual) (m3/inhab/yr)","Libya",1962,482.4,"K",,1967,398.0,"K",,1972,322.6,"K",,1977,261.0,"K",,1982,207.0,"K",,1987,171.8,"K",,1992,155.2,"K",,1997,141.4,"K",,2002,128.8,"K",,2007,116.2,"K",,2012,108.2,"K",,,,"",
"Total renewable water resources per capita (actual) (m3/inhab/yr)","Liechtenstein",,,"",,,,"",,,,"",,,,"",,,,"",,,,"",,,,"",,,,"",,,,"",,,,"",,,,"",,,,"",
"Total renewable water resources per capita (actual) (m3/inhab/yr)","Lithuania",,,"",,,,"",,,,"",,,,"",,,,"",,,,"",,1992,6748.0,"K",,1997,6961.0,"K",,2002,7192.0,"K",,2007,7369.0,"K",,2012,7564.0,"K",,,,"",
"Total renewable water resources per capita (actual) (m3/inhab/yr)","Luxembourg",1962,9657.0,"K",,1967,9262.0,"K",,1972,8939.0,"K",,1977,8547.0,"K",,1982,8505.0,"K",,1987,8356.0,"K",,1992,7918.0,"K",,1997,7376.0,"K",,2002,6998.0,"K",,2007,6513.0,"K",,2012,5927.0,"K",,,,"",
"Total renewable water resources per capita (actual) (m3/inhab/yr)","Madagascar",1962,62932.0,"K",,1967,55601.0,"K",,1972,48777.0,"K",,1977,42481.0,"K",,1982,37196.0,"K",,1987,32592.0,"K",,1992,28142.0,"K",,1997,24102.0,"K",,2002,20625.0,"K",,2007,17756.0,"K",,2012,15368.0,"K",,,,"",
"Total renewable water resources per capita (actual) (m3/inhab/yr)","Malawi",1962,4678.0,"K",,1967,4136.0,"K",,1972,3590.0,"K",,1977,3048.0,"K",,1982,2631.0,"K",,1987,2126.0,"K",,1992,1785.0,"K",,1997,1675.0,"K",,2002,1460.0,"K",,2007,1272.0,"K",,2012,1088.0,"K",,,,"",
"Total renewable water resources per capita (actual) (m3/inhab/yr)","Malaysia",1962,66590.0,"K",,1967,57358.0,"K",,1972,50606.0,"K",,1977,44989.0,"K",,1982,39884.0,"K",,1987,34726.0,"K",,1992,30202.0,"K",,1997,26629.0,"K",,2002,23659.0,"K",,2007,21441.0,"K",,2012,19780.0,"K",,,,"",
"Total renewable water resources per capita (actual) (m3/inhab/yr)","Maldives",1962,315.8,"K",,1967,277.8,"K",,1972,243.9,"K",,1977,208.3,"K",,1982,178.6,"K",,1987,150.0,"K",,1992,129.3,"K",,1997,115.8,"K",,2002,106.4,"K",,2007,98.68,"K",,2012,92.59,"K",,,,"",
"Total renewable water resources per capita (actual) (m3/inhab/yr)","Mali",1962,18584.0,"K",,1967,17367.0,"K",,1972,16003.0,"K",,1977,14601.0,"K",,1982,13242.0,"K",,1987,12108.0,"K",,1992,11018.0,"K",,1997,9642.0,"K",,2002,8332.0,"K",,2007,7132.0,"K",,2012,6128.0,"K",,,,"",
"Total renewable water resources per capita (actual) (m3/inhab/yr)","Malta",1962,162.9,"K",,1967,166.1,"K",,1972,166.7,"K",,1977,161.3,"K",,1982,150.3,"K",,1987,141.5,"K",,1992,134.3,"K",,1997,129.2,"K",,2002,125.6,"K",,2007,122.3,"K",,2012,120.5,"K",,,,"",
"Total renewable water resources per capita (actual) (m3/inhab/yr)","Marshall Islands",,,"",,,,"",,,,"",,,,"",,,,"",,,,"",,,,"",,,,"",,,,"",,,,"",,,,"",,,,"",
"Total renewable water resources per capita (actual) (m3/inhab/yr)","Mauritania",1962,12611.0,"K",,1967,10951.0,"K",,1972,9492.0,"K",,1977,8196.0,"K",,1982,7090.0,"K",,1987,6186.0,"K",,1992,5408.0,"K",,1997,4701.0,"K",,2002,4071.0,"K",,2007,3548.0,"K",,2012,3147.0,"K",,,,"",
"Total renewable water resources per capita (actual) (m3/inhab/yr)","Mauritius",1962,3941.0,"K",,1967,3504.0,"K",,1972,3225.0,"K",,1977,2984.0,"K",,1982,2787.0,"K",,1987,2668.0,"K",,1992,2526.0,"K",,1997,2367.0,"K",,2002,2253.0,"K",,2007,2156.0,"K",,2012,2094.0,"K",,,,"",
"Total renewable water resources per capita (actual) (m3/inhab/yr)","Mexico",1962,11160.0,"K",,1967,9611.0,"K",,1972,8301.0,"K",,1977,7175.0,"K",,1982,6369.0,"K",,1987,5761.0,"K",,1992,5224.0,"K",,1997,4790.0,"K",,2002,4455.0,"K",,2007,4186.0,"K",,2012,3936.0,"K",,,,"",
"Total renewable water resources per capita (actual) (m3/inhab/yr)","Micronesia (Federated States of)",,,"",,,,"",,,,"",,,,"",,,,"",,,,"",,,,"",,,,"",,,,"",,,,"",,,,"",,,,"",
"Total renewable water resources per capita (actual) (m3/inhab/yr)","Monaco",,,"",,,,"",,,,"",,,,"",,,,"",,,,"",,,,"",,,,"",,,,"",,,,"",,,,"",,,,"",
"Total renewable water resources per capita (actual) (m3/inhab/yr)","Mongolia",1962,34353.0,"K",,1967,29592.0,"K",,1972,25607.0,"K",,1977,22236.0,"K",,1982,19540.0,"K",,1987,17067.0,"K",,1992,15453.0,"K",,1997,14834.0,"K",,2002,14152.0,"K",,2007,13257.0,"K",,2012,12236.0,"K",,,,"",
"Total renewable water resources per capita (actual) (m3/inhab/yr)","Montenegro",,,"",,,,"",,,,"",,,,"",,,,"",,,,"",,,,"",,,,"",,,,"",,,,"",,,,"",,,,"",
"Total renewable water resources per capita (actual) (m3/inhab/yr)","Morocco",1962,2363.0,"K",,1967,2057.0,"K",,1972,1801.0,"K",,1977,1597.0,"K",,1982,1406.0,"K",,1987,1243.0,"K",,1992,1129.0,"K",,1997,1047.0,"K",,2002,984.6,"K",,2007,935.2,"K",,2012,889.6,"K",,,,"",
"Total renewable water resources per capita (actual) (m3/inhab/yr)","Mozambique",1962,27274.0,"K",,1967,24539.0,"K",,1972,21969.0,"K",,1977,19358.0,"K",,1982,17053.0,"K",,1987,16244.0,"K",,1992,15163.0,"K",,1997,12875.0,"K",,2002,11307.0,"K",,2007,9954.0,"K",,2012,8870.0,"K",,,,"",
"Total renewable water resources per capita (actual) (m3/inhab/yr)","Myanmar",1962,53416.0,"K",,1967,47875.0,"K",,1972,42510.0,"K",,1977,37824.0,"K",,1982,34172.0,"K",,1987,31222.0,"K",,1992,28893.0,"K",,1997,26942.0,"K",,2002,25609.0,"K",,2007,24896.0,"K",,2012,23972.0,"K",,,,"",
"Total renewable water resources per capita (actual) (m3/inhab/yr)","Namibia",1962,27994.0,"K",,1967,24645.0,"K",,1972,21349.0,"K",,1977,18653.0,"K",,1982,16764.0,"K",,1987,14199.0,"K",,1992,11712.0,"K",,1997,10114.0,"K",,2002,8981.0,"K",,2007,8208.0,"K",,2012,7496.0,"K",,,,"",
"Total renewable water resources per capita (actual) (m3/inhab/yr)","Nauru",,,"",,,,"",,,,"",,,,"",,,,"",,,,"",,,,"",,,,"",,,,"",,,,"",,,,"",,,,"",
"Total renewable water resources per capita (actual) (m3/inhab/yr)","Nepal",1962,20808.0,"K",,1967,18833.0,"K",,1972,16854.0,"K",,1977,14996.0,"K",,1982,13325.0,"K",,1987,11838.0,"K",,1992,10487.0,"K",,1997,9263.0,"K",,2002,8223.0,"K",,2007,7408.0,"K",,2012,6778.0,"K",,,,"",
"Total renewable water resources per capita (actual) (m3/inhab/yr)","Netherlands",1962,7755.0,"K",,1967,7268.0,"K",,1972,6878.0,"K",,1977,6587.0,"K",,1982,6391.0,"K",,1987,6227.0,"K",,1992,6025.0,"K",,1997,5831.0,"K",,2002,5671.0,"K",,2007,5534.0,"K",,2012,5445.0,"K",,,,"",
"Total renewable water resources per capita (actual) (m3/inhab/yr)","New Zealand",1962,132015.0,"K",,1967,120932.0,"K",,1972,111566.0,"K",,1977,104707.0,"K",,1982,102540.0,"K",,1987,98762.0,"K",,1992,93349.0,"K",,1997,87154.0,"K",,2002,82534.0,"K",,2007,77268.0,"K",,2012,73302.0,"K",,,,"",
"Total renewable water resources per capita (actual) (m3/inhab/yr)","Nicaragua",1962,104297.0,"K",,1967,89772.0,"K",,1972,77128.0,"K",,1977,66218.0,"K",,1982,57368.0,"K",,1987,50893.0,"K",,1992,45478.0,"K",,1997,40746.0,"K",,2002,37663.0,"K",,2007,35334.0,"K",,2012,33014.0,"K",,,,"",
"Total renewable water resources per capita (actual) (m3/inhab/yr)","Niger",1962,9771.0,"K",,1967,8417.0,"K",,1972,7251.0,"K",,1977,6253.0,"K",,1982,5420.0,"K",,1987,4719.0,"K",,1992,4054.0,"K",,1997,3421.0,"K",,2002,2875.0,"K",,2007,2413.0,"K",,2012,2022.0,"K",,,,"",
"Total renewable water resources per capita (actual) (m3/inhab/yr)","Nigeria",1962,5970.0,"K",,1967,5347.0,"K",,1972,4755.0,"K",,1977,4140.0,"K",,1982,3594.0,"K",,1987,3167.0,"K",,1992,2794.0,"K",,1997,2483.0,"K",,2002,2204.0,"K",,2007,1948.0,"K",,2012,1718.0,"K",,,,"",
"Total renewable water resources per capita (actual) (m3/inhab/yr)","Niue",,,"",,,,"",,,,"",,,,"",,,,"",,,,"",,,,"",,,,"",,,,"",,,,"",,,,"",,,,"",
"Total renewable water resources per capita (actual) (m3/inhab/yr)","Norway",1962,105003.0,"K",,1967,100925.0,"K",,1972,97078.0,"K",,1977,94484.0,"K",,1982,92899.0,"K",,1987,91278.0,"K",,1992,89127.0,"K",,1997,86582.0,"K",,2002,84215.0,"K",,2007,80898.0,"K",,2012,77016.0,"K",,,,"",
"Total renewable water resources per capita (actual) (m3/inhab/yr)","Occupied Palestinian Territory",1962,742.0,"K",,1967,718.5,"K",,1972,709.3,"K",,1977,598.3,"K",,1982,522.5,"K",,1987,446.9,"K",,1992,369.5,"K",,1997,293.9,"K",,2002,249.4,"K",,2007,224.5,"K",,2012,196.0,"K",,,,"",
"Total renewable water resources per capita (actual) (m3/inhab/yr)","Oman",1962,2397.0,"K",,1967,2102.0,"K",,1972,1779.0,"K",,1977,1403.0,"K",,1982,1059.0,"K",,1987,838.8,"K",,1992,689.3,"K",,1997,617.8,"K",,2002,607.9,"K",,2007,546.7,"K",,2012,482.1,"K",,,,"",
"Total renewable water resources per capita (actual) (m3/inhab/yr)","Pakistan",1962,5121.0,"K",,1967,4505.0,"K",,1972,3933.0,"K",,1977,3385.0,"K",,1982,2864.0,"K",,1987,2419.0,"K",,1992,2091.0,"K",,1997,1838.0,"K",,2002,1641.0,"K",,2007,1501.0,"K",,2012,1371.0,"K",,,,"",
"Total renewable water resources per capita (actual) (m3/inhab/yr)","Palau",,,"",,,,"",,,,"",,,,"",,,,"",,,,"",,,,"",,,,"",,,,"",,,,"",,,,"",,,,"",
"Total renewable water resources per capita (actual) (m3/inhab/yr)","Panama",1962,123746.0,"K",,1967,106859.0,"K",,1972,92790.0,"K",,1977,81453.0,"K",,1982,72442.0,"K",,1987,65141.0,"K",,1992,58800.0,"K",,1997,53104.0,"K",,2002,48224.0,"K",,2007,44166.0,"K",,2012,40828.0,"K",,,,"",
"Total renewable water resources per capita (actual) (m3/inhab/yr)","Papua New Guinea",1962,393225.0,"K",,1967,354582.0,"K",,1972,310947.0,"K",,1977,269879.0,"K",,1982,235866.0,"K",,1987,207245.0,"K",,1992,183337.0,"K",,1997,161167.0,"K",,2002,141519.0,"K",,2007,125235.0,"K",,2012,111715.0,"K",,,,"",
"Total renewable water resources per capita (actual) (m3/inhab/yr)","Paraguay",1962,167247.0,"K",,1967,146341.0,"K",,1972,128933.0,"K",,1977,114014.0,"K",,1982,99232.0,"K",,1987,85846.0,"K",,1992,75252.0,"K",,1997,66999.0,"K",,2002,60377.0,"K",,2007,54911.0,"K",,2012,50277.0,"K",,,,"",
"Total renewable water resources per capita (actual) (m3/inhab/yr)","Peru",1962,181913.0,"K",,1967,157695.0,"K",,1972,137211.0,"K",,1977,119652.0,"K",,1982,105388.0,"K",,1987,94005.0,"K",,1992,84822.0,"K",,1997,77553.0,"K",,2002,71974.0,"K",,2007,67919.0,"K",,2012,64337.0,"K",,,,"",
"Total renewable water resources per capita (actual) (m3/inhab/yr)","Philippines",1962,17230.0,"K",,1967,14738.0,"K",,1972,12758.0,"K",,1977,11071.0,"K",,1982,9625.0,"K",,1987,8397.0,"K",,1992,7408.0,"K",,1997,6614.0,"K",,2002,5941.0,"K",,2007,5403.0,"K",,2012,4965.0,"K",,,,"",
"Total renewable water resources per capita (actual) (m3/inhab/yr)","Poland",1962,2062.0,"K",,1967,1940.0,"K",,1972,1862.0,"K",,1977,1781.0,"K",,1982,1698.0,"K",,1987,1637.0,"K",,1992,1611.0,"K",,1997,1605.0,"K",,2002,1611.0,"K",,2007,1613.0,"K",,2012,1608.0,"K",,,,"",
"Total renewable water resources per capita (actual) (m3/inhab/yr)","Portugal",1962,7697.0,"K",,1967,7818.0,"K",,1972,7788.0,"K",,1977,7259.0,"K",,1982,6935.0,"K",,1987,6907.0,"K",,1992,6882.0,"K",,1997,6728.0,"K",,2002,6591.0,"K",,2007,6476.0,"K",,2012,6421.0,"K",,,,"",
"Total renewable water resources per capita (actual) (m3/inhab/yr)","Puerto Rico",1962,2903.0,"K",,1967,2690.0,"K",,1972,2541.0,"K",,1977,2332.0,"K",,1982,2166.0,"K",,1987,2065.0,"K",,1992,1973.0,"K",,1997,1888.0,"K",,2002,1862.0,"K",,2007,1886.0,"K",,2012,1897.0,"K",,,,"",
"Total renewable water resources per capita (actual) (m3/inhab/yr)","Qatar",1962,1036.0,"K",,1967,674.4,"K",,1972,449.6,"K",,1977,320.4,"K",,1982,210.9,"K",,1987,138.1,"K",,1992,118.9,"K",,1997,109.6,"K",,2002,92.95,"K",,2007,49.24,"K",,2012,29.91,"K",,,,"",
"Total renewable water resources per capita (actual) (m3/inhab/yr)","Republic of Korea",1962,2631.0,"K",,1967,2354.0,"K",,1972,2127.0,"K",,1977,1945.0,"K",,1982,1802.0,"K",,1987,1676.0,"K",,1992,1594.0,"K",,1997,1541.0,"K",,2002,1501.0,"K",,2007,1467.0,"K",,2012,1435.0,"K",,,,"",
"Total renewable water resources per capita (actual) (m3/inhab/yr)","Republic of Moldova",,,"",,,,"",,,,"",,,,"",,,,"",,,,"",,1992,2660.0,"K",,1997,2730.0,"K",,2002,2935.0,"K",,2007,3173.0,"K",,2012,3311.0,"K",,,,"",
"Total renewable water resources per capita (actual) (m3/inhab/yr)","Romania",1962,11368.0,"K",,1967,10878.0,"K",,1972,10249.0,"K",,1977,9786.0,"K",,1982,9443.0,"K",,1987,9223.0,"K",,1992,9182.0,"K",,1997,9432.0,"K",,2002,9627.0,"K",,2007,9790.0,"K",,2012,9907.0,"K",,,,"",
"Total renewable water resources per capita (actual) (m3/inhab/yr)","Russian Federation",,,"",,,,"",,,,"",,,,"",,,,"",,,,"",,1992,30276.0,"K",,1997,30431.0,"K",,2002,30979.0,"K",,2007,31460.0,"K",,2012,31590.0,"K",,,,"",
"Total renewable water resources per capita (actual) (m3/inhab/yr)","Rwanda",1962,3228.0,"K",,1967,2777.0,"K",,1972,2382.0,"K",,1977,2026.0,"K",,1982,1726.0,"K",,1987,1424.0,"K",,1992,1472.0,"K",,1997,1508.0,"K",,2002,1092.0,"K",,2007,978.3,"K",,2012,842.8,"K",,,,"",
"Total renewable water resources per capita (actual) (m3/inhab/yr)","Saint Kitts and Nevis",1962,470.6,"K",,1967,510.6,"K",,1972,545.5,"K",,1977,545.5,"K",,1982,558.1,"K",,1987,585.4,"K",,1992,585.4,"K",,1997,545.5,"K",,2002,510.6,"K",,2007,480.0,"K",,2012,444.4,"K",,,,"",
"Total renewable water resources per capita (actual) (m3/inhab/yr)","Saint Lucia",,,"",,,,"",,,,"",,,,"",,,,"",,,,"",,,,"",,,,"",,,,"",,,,"",,,,"",,,,"",
"Total renewable water resources per capita (actual) (m3/inhab/yr)","Saint Vincent and the Grenadines",,,"",,,,"",,,,"",,,,"",,,,"",,,,"",,,,"",,,,"",,,,"",,,,"",,,,"",,,,"",
"Total renewable water resources per capita (actual) (m3/inhab/yr)","Samoa",,,"",,,,"",,,,"",,,,"",,,,"",,,,"",,,,"",,,,"",,,,"",,,,"",,,,"",,,,"",
"Total renewable water resources per capita (actual) (m3/inhab/yr)","San Marino",,,"",,,,"",,,,"",,,,"",,,,"",,,,"",,,,"",,,,"",,,,"",,,,"",,,,"",,,,"",
"Total renewable water resources per capita (actual) (m3/inhab/yr)","Sao Tome and Principe",1962,34062.0,"K",,1967,32059.0,"K",,1972,28312.0,"K",,1977,25057.0,"K",,1982,22020.0,"K",,1987,20185.0,"K",,1992,18017.0,"K",,1997,16391.0,"K",,2002,14932.0,"K",,2007,13885.0,"K",,2012,12674.0,"K",,,,"",
"Total renewable water resources per capita (actual) (m3/inhab/yr)","Saudi Arabia",1962,556.6,"K",,1967,467.2,"K",,1972,380.3,"K",,1977,292.6,"K",,1982,215.7,"K",,1987,165.9,"K",,1992,139.6,"K",,1997,126.2,"K",,2002,111.8,"K",,2007,94.1,"K",,2012,83.61,"K",,,,"",
"Total renewable water resources per capita (actual) (m3/inhab/yr)","Senegal",1962,12061.0,"K",,1967,10416.0,"K",,1972,8877.0,"K",,1977,7708.0,"K",,1982,6789.0,"K",,1987,5865.0,"K",,1992,5047.0,"K",,1997,4403.0,"K",,2002,3871.0,"K",,2007,3381.0,"K",,2012,2960.0,"K",,,,"",
"Total renewable water resources per capita (actual) (m3/inhab/yr)","Serbia",,,"",,,,"",,,,"",,,,"",,,,"",,,,"",,,,"",,,,"",,,,"",,2007,16495.0,"E",,2012,16472.0,"E",,,,"",
"Total renewable water resources per capita (actual) (m3/inhab/yr)","Seychelles",,,"",,,,"",,,,"",,,,"",,,,"",,,,"",,,,"",,,,"",,,,"",,,,"",,,,"",,,,"",
"Total renewable water resources per capita (actual) (m3/inhab/yr)","Sierra Leone",1962,70859.0,"K",,1967,65120.0,"K",,1972,59502.0,"K",,1977,53981.0,"K",,1982,48470.0,"K",,1987,42701.0,"K",,1992,40201.0,"K",,1997,40879.0,"K",,2002,35508.0,"K",,2007,29208.0,"K",,2012,26118.0,"K",,,,"",
"Total renewable water resources per capita (actual) (m3/inhab/yr)","Singapore",1962,344.4,"K",,1967,306.0,"K",,1972,278.7,"K",,1977,258.8,"K",,1982,238.1,"K",,1987,212.5,"K",,1992,188.0,"K",,1997,163.4,"K",,2002,148.8,"K",,2007,130.9,"K",,2012,114.2,"K",,,,"",
"Total renewable water resources per capita (actual) (m3/inhab/yr)","Slovakia",,,"",,,,"",,,,"",,,,"",,,,"",,,,"",,,,"",,1997,9295.0,"K",,2002,9264.0,"K",,2007,9225.0,"K",,2012,9142.0,"K",,,,"",
"Total renewable water resources per capita (actual) (m3/inhab/yr)","Slovenia",,,"",,,,"",,,,"",,,,"",,,,"",,,,"",,1992,16394.0,"K",,1997,16129.0,"K",,2002,16007.0,"K",,2007,15840.0,"K",,2012,15623.0,"K",,,,"",
"Total renewable water resources per capita (actual) (m3/inhab/yr)","Solomon Islands",1962,357600.0,"K",,1967,306164.0,"K",,1972,259884.0,"K",,1977,215942.0,"K",,1982,182449.0,"K",,1987,156842.0,"K",,1992,136280.0,"K",,1997,118568.0,"K",,2002,103472.0,"K",,2007,90121.0,"K",,2012,78975.0,"K",,,,"",
"Total renewable water resources per capita (actual) (m3/inhab/yr)","Somalia",1962,4980.0,"K",,1967,4391.0,"K",,1972,4001.0,"K",,1977,2915.0,"K",,1982,2225.0,"K",,1987,2287.0,"K",,1992,2247.0,"K",,1997,2166.0,"K",,2002,1887.0,"K",,2007,1683.0,"K",,2012,1500.0,"K",,,,"",
"Total renewable water resources per capita (actual) (m3/inhab/yr)","South Africa",1962,2805.0,"K",,1967,2466.0,"K",,1972,2165.0,"K",,1977,1903.0,"K",,1982,1679.0,"K",,1987,1491.0,"K",,1992,1330.0,"K",,1997,1199.0,"K",,2002,1117.0,"K",,2007,1052.0,"K",,2012,1013.0,"K",,,,"",
"Total renewable water resources per capita (actual) (m3/inhab/yr)","South Sudan",,,"",,,,"",,,,"",,,,"",,,,"",,,,"",,,,"",,,,"",,,,"",,,,"",,2012,4567.0,"",,,,"",
"Total renewable water resources per capita (actual) (m3/inhab/yr)","Spain",1962,3589.0,"K",,1967,3402.0,"K",,1972,3227.0,"K",,1977,3055.0,"K",,1982,2935.0,"K",,1987,2883.0,"K",,1992,2853.0,"K",,1997,2815.0,"K",,2002,2696.0,"K",,2007,2500.0,"K",,2012,2384.0,"K",,,,"",
"Total renewable water resources per capita (actual) (m3/inhab/yr)","Sri Lanka",1962,5038.0,"K",,1967,4495.0,"K",,1972,4042.0,"K",,1977,3686.0,"K",,1982,3397.0,"K",,1987,3167.0,"K",,1992,2976.0,"K",,1997,2865.0,"K",,2002,2759.0,"K",,2007,2605.0,"K",,2012,2488.0,"K",,,,"",
"Total renewable water resources per capita (actual) (m3/inhab/yr)","Sudan",,,"",,,,"",,,,"",,,,"",,,,"",,,,"",,,,"",,,,"",,,,"",,,,"",,2012,1016.0,"",,,,"",
"Total renewable water resources per capita (actual) (m3/inhab/yr)","Suriname",1962,398693.0,"K",,1967,347578.0,"K",,1972,327078.0,"K",,1977,336088.0,"K",,1982,331522.0,"K",,1987,315245.0,"K",,1992,291169.0,"K",,1997,272321.0,"K",,2002,254167.0,"K",,2007,239216.0,"K",,2012,228464.0,"K",,,,"",
"Total renewable water resources per capita (actual) (m3/inhab/yr)","Swaziland",1962,12322.0,"K",,1967,10973.0,"K",,1972,9555.0,"K",,1977,8200.0,"K",,1982,7058.0,"K",,1987,5872.0,"K",,1992,4967.0,"K",,1997,4479.0,"K",,2002,4164.0,"K",,2007,3981.0,"K",,2012,3697.0,"K",,,,"",
"Total renewable water resources per capita (actual) (m3/inhab/yr)","Sweden",1962,22973.0,"K",,1967,22129.0,"K",,1972,21434.0,"K",,1977,21101.0,"K",,1982,20906.0,"K",,1987,20682.0,"K",,1992,20048.0,"K",,1997,19652.0,"K",,2002,19546.0,"K",,2007,18994.0,"K",,2012,18325.0,"K",,,,"",
"Total renewable water resources per capita (actual) (m3/inhab/yr)","Switzerland",1962,9722.0,"K",,1967,8929.0,"K",,1972,8533.0,"K",,1977,8437.0,"K",,1982,8437.0,"K",,1987,8192.0,"K",,1992,7850.0,"K",,1997,7546.0,"K",,2002,7374.0,"K",,2007,7112.0,"K",,2012,6918.0,"K",,,,"",
"Total renewable water resources per capita (actual) (m3/inhab/yr)","Syrian Arab Republic",1962,3448.0,"K",,1967,2921.0,"K",,1972,2464.0,"K",,1977,2084.0,"K",,1982,1760.0,"K",,1987,1491.0,"K",,1992,1286.0,"K",,1997,1131.0,"K",,2002,990.4,"K",,2007,869.5,"K",,2012,795.5,"K",,,,"",
"Total renewable water resources per capita (actual) (m3/inhab/yr)","Tajikistan",,,"",,,,"",,,,"",,,,"",,,,"",,,,"",,1992,3970.0,"K",,1997,3685.0,"K",,2002,3486.0,"K",,2007,3318.0,"K",,2012,3095.0,"K",,,,"",
"Total renewable water resources per capita (actual) (m3/inhab/yr)","Thailand",1962,15115.0,"K",,1967,12986.0,"K",,1972,11215.0,"K",,1977,9860.0,"K",,1982,8874.0,"K",,1987,8067.0,"K",,1992,7533.0,"K",,1997,7198.0,"K",,2002,6785.0,"K",,2007,6469.0,"K",,2012,6275.0,"K",,,,"",
"Total renewable water resources per capita (actual) (m3/inhab/yr)","The former Yugoslav Republic of Macedonia",,,"",,,,"",,,,"",,,,"",,,,"",,,,"",,1992,3309.0,"K",,1997,3227.0,"K",,2002,3165.0,"K",,2007,3125.0,"K",,2012,3096.0,"K",,,,"",
"Total renewable water resources per capita (actual) (m3/inhab/yr)","Timor-Leste",1962,15859.0,"K",,1967,14463.0,"K",,1972,12876.0,"K",,1977,12998.0,"K",,1982,13760.0,"K",,1987,11871.0,"K",,1992,10333.0,"K",,1997,9757.0,"K",,2002,9251.0,"K",,2007,7743.0,"K",,2012,6921.0,"K",,,,"",
"Total renewable water resources per capita (actual) (m3/inhab/yr)","Togo",1962,9142.0,"K",,1967,7976.0,"K",,1972,6607.0,"K",,1977,5927.0,"K",,1982,5165.0,"K",,1987,4358.0,"K",,1992,3845.0,"K",,1997,3380.0,"K",,2002,2910.0,"K",,2007,2600.0,"K",,2012,2340.0,"K",,,,"",
"Total renewable water resources per capita (actual) (m3/inhab/yr)","Tokelau",,,"",,,,"",,,,"",,,,"",,,,"",,,,"",,,,"",,,,"",,,,"",,,,"",,,,"",,,,"",
"Total renewable water resources per capita (actual) (m3/inhab/yr)","Tonga",,,"",,,,"",,,,"",,,,"",,,,"",,,,"",,,,"",,,,"",,,,"",,,,"",,,,"",,,,"",
"Total renewable water resources per capita (actual) (m3/inhab/yr)","Trinidad and Tobago",1962,4429.0,"K",,1967,4160.0,"K",,1972,3895.0,"K",,1977,3721.0,"K",,1982,3438.0,"K",,1987,3216.0,"K",,1992,3112.0,"K",,1997,3012.0,"K",,2002,2949.0,"K",,2007,2896.0,"K",,2012,2842.0,"K",,,,"",
"Total renewable water resources per capita (actual) (m3/inhab/yr)","Tunisia",1962,1050.0,"K",,1967,952.9,"K",,1972,862.6,"K",,1977,771.2,"K",,1982,675.6,"K",,1987,597.4,"K",,1992,538.8,"K",,1997,501.5,"K",,2002,477.0,"K",,2007,453.6,"K",,2012,429.2,"K",,,,"",
"Total renewable water resources per capita (actual) (m3/inhab/yr)","Turkey",1962,7140.0,"K",,1967,6360.0,"K",,1972,5711.0,"K",,1977,5122.0,"K",,1982,4580.0,"K",,1987,4121.0,"K",,1992,3778.0,"K",,1997,3481.0,"K",,2002,3233.0,"K",,2007,3023.0,"K",,2012,2840.0,"K",,,,"",
"Total renewable water resources per capita (actual) (m3/inhab/yr)","Turkmenistan",,,"",,,,"",,,,"",,,,"",,,,"",,,,"",,1992,6381.0,"K",,1997,5713.0,"K",,2002,5385.0,"K",,2007,5098.0,"K",,2012,4791.0,"K",,,,"",
"Total renewable water resources per capita (actual) (m3/inhab/yr)","Tuvalu",,,"",,,,"",,,,"",,,,"",,,,"",,,,"",,,,"",,,,"",,,,"",,,,"",,,,"",,,,"",
"Total renewable water resources per capita (actual) (m3/inhab/yr)","Uganda",1962,9115.0,"K",,1967,7696.0,"K",,1972,6592.0,"K",,1977,5708.0,"K",,1982,4908.0,"K",,1987,4153.0,"K",,1992,3485.0,"K",,1997,2983.0,"K",,2002,2559.0,"K",,2007,2175.0,"K",,2012,1853.0,"K",,,,"",
"Total renewable water resources per capita (actual) (m3/inhab/yr)","Ukraine",,,"",,,,"",,,,"",,,,"",,,,"",,,,"",,1992,2703.0,"K",,1997,2773.0,"K",,2002,2906.0,"K",,2007,3016.0,"K",,2012,3106.0,"K",,,,"",
"Total renewable water resources per capita (actual) (m3/inhab/yr)","United Arab Emirates",1962,1376.0,"K",,1967,898.2,"K",,1972,464.4,"K",,1977,206.9,"K",,1982,129.6,"K",,1987,98.88,"K",,1992,74.48,"K",,1997,57.43,"K",,2002,46.08,"K",,2007,27.75,"K",,2012,18.5,"K",,,,"",
"Total renewable water resources per capita (actual) (m3/inhab/yr)","United Kingdom",1962,2752.0,"K",,1967,2667.0,"K",,1972,2618.0,"K",,1977,2603.0,"K",,1982,2600.0,"K",,1987,2581.0,"K",,1992,2546.0,"K",,1997,2511.0,"K",,2002,2468.0,"K",,2007,2405.0,"K",,2012,2332.0,"K",,,,"",
"Total renewable water resources per capita (actual) (m3/inhab/yr)","United Republic of Tanzania",1962,9011.0,"K",,1967,7761.0,"K",,1972,6637.0,"K",,1977,5657.0,"K",,1982,4838.0,"K",,1987,4147.0,"K",,1992,3535.0,"K",,1997,3047.0,"K",,2002,2687.0,"K",,2007,2344.0,"K",,2012,2020.0,"K",,,,"",
"Total renewable water resources per capita (actual) (m3/inhab/yr)","United States of America",1962,15988.0,"K",,1967,15065.0,"K",,1972,14392.0,"K",,1977,13745.0,"K",,1982,13101.0,"K",,1987,12480.0,"K",,1992,11883.0,"K",,1997,11256.0,"K",,2002,10639.0,"K",,2007,10153.0,"K",,2012,9718.0,"K",,,,"",
"Total renewable water resources per capita (actual) (m3/inhab/yr)","Uruguay",1962,53400.0,"K",,1967,50564.0,"K",,1972,49273.0,"K",,1977,48669.0,"K",,1982,47071.0,"K",,1987,45589.0,"K",,1992,44071.0,"K",,1997,42521.0,"K",,2002,41805.0,"K",,2007,41667.0,"K",,2012,40991.0,"K",,,,"",
"Total renewable water resources per capita (actual) (m3/inhab/yr)","Uzbekistan",,,"",,,,"",,,,"",,,,"",,,,"",,,,"",,1992,2273.0,"K",,1997,2058.0,"K",,2002,1934.0,"K",,2007,1844.0,"K",,2012,1741.0,"K",,,,"",
"Total renewable water resources per capita (actual) (m3/inhab/yr)","Vanuatu",,,"",,,,"",,,,"",,,,"",,,,"",,,,"",,,,"",,,,"",,,,"",,,,"",,,,"",,,,"",
"Total renewable water resources per capita (actual) (m3/inhab/yr)","Venezuela (Bolivarian Republic of)",1962,151270.0,"K",,1967,127297.0,"K",,1972,107893.0,"K",,1977,90608.0,"K",,1982,77387.0,"K",,1987,67662.0,"K",,1992,59753.0,"K",,1997,53697.0,"K",,2002,48787.0,"K",,2007,44685.0,"K",,2012,41250.0,"K",,,,"",
"Total renewable water resources per capita (actual) (m3/inhab/yr)","Viet Nam",1962,23910.0,"K",,1967,21108.0,"K",,1972,18813.0,"K",,1977,17170.0,"K",,1982,15699.0,"K",,1987,14036.0,"K",,1992,12632.0,"K",,1997,11616.0,"K",,2002,10982.0,"K",,2007,10400.0,"K",,2012,9853.0,"K",,,,"",
"Total renewable water resources per capita (actual) (m3/inhab/yr)","Yemen",1962,395.0,"K",,1967,359.4,"K",,1972,332.1,"K",,1977,295.6,"K",,1982,243.6,"K",,1987,199.1,"K",,1992,159.2,"K",,1997,129.4,"K",,2002,111.5,"K",,2007,95.69,"K",,2012,82.13,"K",,,,"",
"Total renewable water resources per capita (actual) (m3/inhab/yr)","Zambia",1962,32580.0,"K",,1967,27964.0,"K",,1972,23769.0,"K",,1977,20092.0,"K",,1982,17061.0,"K",,1987,14583.0,"K",,1992,12718.0,"K",,1997,11170.0,"K",,2002,9838.0,"K",,2007,8727.0,"K",,2012,7577.0,"K",,,,"",
"Total renewable water resources per capita (actual) (m3/inhab/yr)","Zimbabwe",1962,4993.0,"K",,1967,4238.0,"K",,1972,3589.0,"K",,1977,3039.0,"K",,1982,2540.0,"K",,1987,2100.0,"K",,1992,1817.0,"K",,1997,1655.0,"K",,2002,1586.0,"K",,2007,1602.0,"K",,2012,1537.0,"K",,,,"",



E - External data
I - AQUASTAT estimate
K - Aggregate data
L - Modelled data
(c) 2014 FAO of the UN
The information contained in AQUASTAT is provided free of charge to all users. Please quote as follows:
FAO. 2013. AQUASTAT database - Food and Agriculture Organization of the United Nations (FAO). Website accessed on[26/04/2014 16:27]
